{
  "detection": {
    "confidence_threshold": 0.5,
    "enabled_detectors": [
      "regex_patterns",
      "exact_match",
      "presidio_builtin"
    ],
    "regex_patterns": {
      "EMPLOYEE_ID": {
        "enabled": true,
        "description": "Employee ID format",
        "patterns": [
          {
            "regex": "EMP-\\d{6}",
            "score": 0.9
          }
        ]
      },
      "INDIAN_MOBILE": {
        "enabled": true,
        "patterns": [
          {
            "regex": "\\+91[- ]?[6-9]\\d{9}",
            "score": 0.95
          },
          {
            "regex": "[6-9]\\d{9}",
            "score": 0.75
          }
        ]
      }
    },
    "exact_match": {
      "PERSON_NAMES": {
        "enabled": true,
        "values": [
          "John Doe",
          "Jane Smith"
        ],
        "score": 0.95,
        "case_sensitive": false,
        "match_whole_word": true
      }
    },
    "presidio_builtin": {
      "enabled": true,
      "entities": [
        "EMAIL_ADDRESS",
        "PHONE_NUMBER",
        "CREDIT_CARD",
        "US_SSN"
      ]
    }
  },
  "anonymization": {
    "default_strategy": "replace",
    "entity_strategies": {
      "EMAIL_ADDRESS": "mask",
      "CREDIT_CARD": "mask",
      "US_SSN": "hash"
    },
    "replacements": {
      "EMPLOYEE_ID": "[EMP_ID]",
      "PERSON_NAMES": "[NAME]",
      "default": "[REDACTED]"
    }
  },
  "output": {
    "include_positions": true,
    "include_confidence": true,
    "format": "json",
    "pretty_print": true
  }
}