{
  "Engine": "Azure Document Intelligence",
  "Model": "prebuilt-layout",
  "Pages": 4,
  "Tables": 1,
  "KeyValuePairs": [],
  "ExtractedText": "HM Land Registry\r\nTransfer of whole of registered title(s)\r\nTR1\r\nAny parts of the form that are not typed should be completed in black ink and in block capitals.\r\nIf you need more room than is provided for in a panel, and your software allows, you can expand any panel in the\r\nform. Alternatively use continuation sheet CS and attach it to this form.\r\nFor information on how HM Land Registry processes your personal information, see our Personal Information\r\nCharter.\r\nLeave blank if not yet registered.\r\nInsert address including postcode (if any)\r\nor other description of the property, for\r\nexample \u0027land adjoining 2 Acacia\r\nAvenue\u0027.\r\nRemember to date this deed with the day\r\nof completion, but not before it has been\r\nsigned and witnessed.\r\nGive full name(s) of all the persons\r\ntransferring the property.\r\nComplete as appropriate where the\r\ntransferor is a company.\r\nEnter the overseas entity ID issued by\r\nCompanies House for the transferor\r\npursuant to the Economic Crime\r\n(Transparency and Enforcement) Act\r\n2022. If the ID is not required, you may\r\ninstead state \u0027not required\u0027.\r\nFurther details on overseas entities can\r\nbe found in practice guide 78: overseas\r\nentities.\r\n1\r\nTitle number(s) of the property:\r\n2\r\nProperty:\r\n3\r\nDate:\r\n4\r\nTransferor:\r\nFor UK incorporated companies/LLPs\r\nRegistered number of company or limited liability partnership\r\nincluding any prefix:\r\nFor overseas entities\r\n(a) Territory of incorporation or formation:\r\n(b) Overseas entity ID issued by Companies House, including\r\nany prefix:\r\n(c) Where the entity is a company with a place of business in\r\nthe United Kingdom, the registered number, if any, issued by\r\nCompanies House, including any prefix:\r\nGive full name(s) of all the persons to be\r\nshown as registered proprietors.\r\nComplete as appropriate where the\r\ntransferee is a company. Also, for an\r\noverseas company, unless an\r\narrangement with HM Land Registry\r\nexists, lodge either a certificate in Form 7\r\nin Schedule 3 to the Land Registration\r\nRules 2003 or a certified copy of the\r\nconstitution in English or Welsh, or other\r\nevidence permitted by rule 183 of the\r\nLand Registration Rules 2003.\r\nEnter the overseas entity ID issued by\r\nCompanies House for the transferee\r\npursuant to the Economic Crime\r\n(Transparency and Enforcement) Act\r\n2022. If the ID is not required, you may\r\ninstead state \u0027not required\u0027.\r\nFurther details on overseas entities can\r\nbe found in practice guide 78: overseas\r\nentities.\r\nEach transferee may give up to three\r\naddresses for service, one of which must\r\nbe a postal address whether or not in the\r\nUK (including the postcode, if any). The\r\nothers can be any combination of a\r\npostal address, a UK DX box number or\r\nan email address.\r\nPlace \u0027X\u0027 in the appropriate box. State the\r\ncurrency unit if other than sterling. If none\r\nof the boxes apply, insert an appropriate\r\nmemorandum in panel 11.\r\nPlace \u0027X\u0027 in any box that applies.\r\nAdd any modifications.\r\n5\r\nTransferee for entry in the register:\r\nFor UK incorporated companies/LLPs\r\nRegistered number of company or limited liability partnership\r\nincluding any prefix:\r\nFor overseas entities\r\n(a) Territory of incorporation or formation:\r\n(b) Overseas entity ID issued by Companies House, including\r\nany prefix:\r\n(c) Where the entity is a company with a place of business in\r\nthe United Kingdom, the registered number, if any, issued by\r\nCompanies House, including any prefix:\r\n6\r\nTransferee\u0027s intended address(es) for service for entry in the\r\nregister:\r\n7\r\nThe transferor transfers the property to the transferee\r\n8\r\nConsideration\r\nThe transferor has received from the transferee for the\r\nproperty the following sum (in words and figures):\r\nThe transfer is not for money or anything that has a\r\nmonetary value\r\nInsert other receipt as appropriate:\r\n9\r\nThe transferor transfers with\r\nfull title guarantee\r\nlimited title guarantee\r\nWhere the transferee is more than one\r\nperson, place \u0027X\u0027 in the appropriate box.\r\nComplete as necessary.\r\nThe registrar will enter a Form A\r\nrestriction in the register unless:\r\nan \u0027X\u0027 is placed:\r\n\u2212\r\n\u2212\r\nin the first box, or\r\n\u2212\r\nin the third box and the details of\r\nthe trust or of the trust\r\ninstrument show that the\r\ntransferees are to hold the\r\nproperty on trust for themselves\r\nalone as joint tenants, or\r\n\u2212\r\nit is clear from completion of a form\r\nJO lodged with this application that\r\nthe transferees are to hold the\r\nproperty on trust for themselves\r\nalone as joint tenants.\r\nPlease refer to Joint property ownership\r\nand practice guide 24: private trusts of\r\nland for further guidance. These are both\r\navailable on the GOV.UK website.\r\n10 Declaration of trust. The transferee is more than one person\r\nand\r\nthey are to hold the property on trust for themselves as\r\njoint tenants\r\nthey are to hold the property on trust for themselves as\r\ntenants in common in equal shares\r\nthey are to hold the property on trust:\r\nInsert here any required or permitted\r\nstatement, certificate or application and\r\nany agreed covenants, declarations and\r\nso on.\r\n11\r\nAdditional provisions\r\nThe transferor must execute this transfer\r\nas a deed using the space opposite. If\r\nthere is more than one transferor, all must\r\nexecute. Forms of execution are given in\r\nSchedule 9 to the Land Registration\r\nRules 2003. If the transfer contains\r\ntransferee\u0027s covenants or declarations or\r\ncontains an application by the transferee\r\n(such as for a restriction), it must also be\r\nexecuted by the transferee.\r\n12 Execution\r\nIf there is more than one transferee and\r\npanel 10 has been completed, each\r\ntransferee must also execute this transfer\r\nto comply with the requirements in\r\nsection 53(1)(b) of the Law of Property\r\nAct 1925 relating to the declaration of a\r\ntrust of land. Please refer to Joint\r\nproperty ownership and practice guide\r\n24: private trusts of land for further\r\nguidance.\r\nExamples of the correct form of execution\r\nare set out in practice guide 8: execution\r\nof deeds. Execution as a deed usually\r\nmeans that a witness must also sign, and\r\nadd their name and address.\r\nRemember to date this deed in panel 3.\r\nWARNING\r\nIf you dishonestly enter information or make a statement that you know is, or might be, untrue or misleading, and intend by doing\r\nso to make a gain for yourself or another person, or to cause loss or the risk of loss to another person, you may commit the\r\noffence of fraud under section 1 of the Fraud Act 2006, the maximum penalty for which is 10 years\u0027 imprisonment or an unlimited\r\nfine, or both.\r\nFailure to complete this form with proper care may result in a loss of protection under the Land Registration Act 2002 if, as a\r\nresult, a mistake is made in the register.\r\nUnder section 66 of the Land Registration Act 2002 most documents (including this form) kept by the registrar relating to an\r\napplication to the registrar or referred to in the register are open to public inspection and copying. If you believe a document\r\ncontains prejudicial information, you may apply for that part of the document to be made exempt using Form EX1, under rule 136\r\nof the Land Registration Rules 2003.\r\n@ Crown copyright (ref: LR/HO) 08/23"
}